"","window_size","variable","X10.","X90."
"1",500,"DNA_left",0,0
"2",500,"DNA_intra",0,0.00121392289657025
"3",500,"DNA_right",0,0
"4",500,"LTR_left",0,0.161
"5",500,"LTR_intra",0,0.0592219807571076
"6",500,"LTR_right",0,0.163
"7",500,"Unknown_left",0,0
"8",500,"Unknown_intra",0,0
"9",500,"Unknown_right",0,0
"10",500,"LINE_left",0,0
"11",500,"LINE_intra",0,0
"12",500,"LINE_right",0,0
"13",500,"MULE_left",0,0
"14",500,"MULE_intra",0,0
"15",500,"MULE_right",0,0
"16",500,"Gypsy_left",0,0
"17",500,"Gypsy_intra",0,0
"18",500,"Gypsy_right",0,0
"19",500,"Unknown_fam_left",0,0
"20",500,"Unknown_fam_intra",0,0.00126508607759052
"21",500,"Unknown_fam_right",0,0
"22",500,"CMC_EnSpm_left",0,0
"23",500,"CMC_EnSpm_intra",0,0
"24",500,"CMC_EnSpm_right",0,0
"25",500,"Copia_left",0,0
"26",500,"Copia_intra",0,0
"27",500,"Copia_right",0,0
"28",500,"LINE_fam_left",0,0
"29",500,"LINE_fam_intra",0,0
"30",500,"LINE_fam_right",0,0
"31",500,"hAT_left",0,0
"32",500,"hAT_intra",0,0
"33",500,"hAT_right",0,0
"34",500,"PIF_Harbinger_left",0,0
"35",500,"PIF_Harbinger_intra",0,0
"36",500,"PIF_Harbinger_right",0,0
"37",500,"LTRUnknown_left",0,0
"38",500,"LTRUnknown_intra",0,0.00571645117526256
"39",500,"LTRUnknown_right",0,0
"40",1000,"DNA_left",0,0.082
"41",1000,"DNA_intra",0,0.00121392289657025
"42",1000,"DNA_right",0,0.0855
"43",1000,"LTR_left",0,0.237
"44",1000,"LTR_intra",0,0.0592219807571076
"45",1000,"LTR_right",0,0.2385
"46",1000,"Unknown_left",0,0
"47",1000,"Unknown_intra",0,0
"48",1000,"Unknown_right",0,0
"49",1000,"LINE_left",0,0
"50",1000,"LINE_intra",0,0
"51",1000,"LINE_right",0,0
"52",1000,"MULE_left",0,0
"53",1000,"MULE_intra",0,0
"54",1000,"MULE_right",0,0
"55",1000,"Gypsy_left",0,0
"56",1000,"Gypsy_intra",0,0
"57",1000,"Gypsy_right",0,0
"58",1000,"Unknown_fam_left",0,0.0625
"59",1000,"Unknown_fam_intra",0,0.00126508607759052
"60",1000,"Unknown_fam_right",0,0.0645
"61",1000,"CMC_EnSpm_left",0,0
"62",1000,"CMC_EnSpm_intra",0,0
"63",1000,"CMC_EnSpm_right",0,0
"64",1000,"Copia_left",0,0
"65",1000,"Copia_intra",0,0
"66",1000,"Copia_right",0,0
"67",1000,"LINE_fam_left",0,0
"68",1000,"LINE_fam_intra",0,0
"69",1000,"LINE_fam_right",0,0
"70",1000,"hAT_left",0,0
"71",1000,"hAT_intra",0,0
"72",1000,"hAT_right",0,0
"73",1000,"PIF_Harbinger_left",0,0
"74",1000,"PIF_Harbinger_intra",0,0
"75",1000,"PIF_Harbinger_right",0,0
"76",1000,"LTRUnknown_left",0,0.101
"77",1000,"LTRUnknown_intra",0,0.00571645117526256
"78",1000,"LTRUnknown_right",0,0.1005
"79",1500,"DNA_left",0,0.0964666666666696
"80",1500,"DNA_intra",0,0.00121392289657025
"81",1500,"DNA_right",0,0.100333333333333
"82",1500,"LTR_left",0,0.273
"83",1500,"LTR_intra",0,0.0592219807571076
"84",1500,"LTR_right",0,0.272333333333333
"85",1500,"Unknown_left",0,0.038
"86",1500,"Unknown_intra",0,0
"87",1500,"Unknown_right",0,0.0376666666666667
"88",1500,"LINE_left",0,0
"89",1500,"LINE_intra",0,0
"90",1500,"LINE_right",0,0
"91",1500,"MULE_left",0,0
"92",1500,"MULE_intra",0,0
"93",1500,"MULE_right",0,0
"94",1500,"Gypsy_left",0,0.0228333333333333
"95",1500,"Gypsy_intra",0,0
"96",1500,"Gypsy_right",0,0.023
"97",1500,"Unknown_fam_left",0,0.0626666666666667
"98",1500,"Unknown_fam_intra",0,0.00126508607759052
"99",1500,"Unknown_fam_right",0,0.0636666666666667
"100",1500,"CMC_EnSpm_left",0,0
"101",1500,"CMC_EnSpm_intra",0,0
"102",1500,"CMC_EnSpm_right",0,0
"103",1500,"Copia_left",0,0
"104",1500,"Copia_intra",0,0
"105",1500,"Copia_right",0,0
"106",1500,"LINE_fam_left",0,0
"107",1500,"LINE_fam_intra",0,0
"108",1500,"LINE_fam_right",0,0
"109",1500,"hAT_left",0,0
"110",1500,"hAT_intra",0,0
"111",1500,"hAT_right",0,0
"112",1500,"PIF_Harbinger_left",0,0
"113",1500,"PIF_Harbinger_intra",0,0
"114",1500,"PIF_Harbinger_right",0,0
"115",1500,"LTRUnknown_left",0,0.139
"116",1500,"LTRUnknown_intra",0,0.00571645117526256
"117",1500,"LTRUnknown_right",0,0.139666666666667
"118",2000,"DNA_left",0,0.09675
"119",2000,"DNA_intra",0,0.00121392289657025
"120",2000,"DNA_right",0,0.09925
"121",2000,"LTR_left",0,0.2955
"122",2000,"LTR_intra",0,0.0592219807571076
"123",2000,"LTR_right",0,0.2955
"124",2000,"Unknown_left",0,0.0395
"125",2000,"Unknown_intra",0,0
"126",2000,"Unknown_right",0,0.03875
"127",2000,"LINE_left",0,0
"128",2000,"LINE_intra",0,0
"129",2000,"LINE_right",0,0
"130",2000,"MULE_left",0,0
"131",2000,"MULE_intra",0,0
"132",2000,"MULE_right",0,0
"133",2000,"Gypsy_left",0,0.056
"134",2000,"Gypsy_intra",0,0
"135",2000,"Gypsy_right",0,0.05575
"136",2000,"Unknown_fam_left",0,0.06425
"137",2000,"Unknown_fam_intra",0,0.00126508607759052
"138",2000,"Unknown_fam_right",0,0.065
"139",2000,"CMC_EnSpm_left",0,0
"140",2000,"CMC_EnSpm_intra",0,0
"141",2000,"CMC_EnSpm_right",0,0
"142",2000,"Copia_left",0,0
"143",2000,"Copia_intra",0,0
"144",2000,"Copia_right",0,0
"145",2000,"LINE_fam_left",0,0
"146",2000,"LINE_fam_intra",0,0
"147",2000,"LINE_fam_right",0,0
"148",2000,"hAT_left",0,0
"149",2000,"hAT_intra",0,0
"150",2000,"hAT_right",0,0
"151",2000,"PIF_Harbinger_left",0,0
"152",2000,"PIF_Harbinger_intra",0,0
"153",2000,"PIF_Harbinger_right",0,0
"154",2000,"LTRUnknown_left",0,0.15475
"155",2000,"LTRUnknown_intra",0,0.00571645117526256
"156",2000,"LTRUnknown_right",0,0.15475
"157",2500,"DNA_left",0,0.0938
"158",2500,"DNA_intra",0,0.00121392289657025
"159",2500,"DNA_right",0,0.0976
"160",2500,"LTR_left",0,0.3074
"161",2500,"LTR_intra",0,0.0592219807571076
"162",2500,"LTR_right",0,0.3062
"163",2500,"Unknown_left",0,0.0388
"164",2500,"Unknown_intra",0,0
"165",2500,"Unknown_right",0,0.0386
"166",2500,"LINE_left",0,0
"167",2500,"LINE_intra",0,0
"168",2500,"LINE_right",0,0
"169",2500,"MULE_left",0,0
"170",2500,"MULE_intra",0,0
"171",2500,"MULE_right",0,0
"172",2500,"Gypsy_left",0,0.0806800000000018
"173",2500,"Gypsy_intra",0,0
"174",2500,"Gypsy_right",0,0.0808
"175",2500,"Unknown_fam_left",0,0.0628
"176",2500,"Unknown_fam_intra",0,0.00126508607759052
"177",2500,"Unknown_fam_right",0,0.064
"178",2500,"CMC_EnSpm_left",0,0
"179",2500,"CMC_EnSpm_intra",0,0
"180",2500,"CMC_EnSpm_right",0,0
"181",2500,"Copia_left",0,0.0126
"182",2500,"Copia_intra",0,0
"183",2500,"Copia_right",0,0.0138
"184",2500,"LINE_fam_left",0,0
"185",2500,"LINE_fam_intra",0,0
"186",2500,"LINE_fam_right",0,0
"187",2500,"hAT_left",0,0
"188",2500,"hAT_intra",0,0
"189",2500,"hAT_right",0,0
"190",2500,"PIF_Harbinger_left",0,0
"191",2500,"PIF_Harbinger_intra",0,0
"192",2500,"PIF_Harbinger_right",0,0
"193",2500,"LTRUnknown_left",0,0.1684
"194",2500,"LTRUnknown_intra",0,0.00571645117526256
"195",2500,"LTRUnknown_right",0,0.1664
"196",3000,"DNA_left",0,0.0928333333333333
"197",3000,"DNA_intra",0,0.00121392289657025
"198",3000,"DNA_right",0,0.0945
"199",3000,"LTR_left",0,0.319833333333333
"200",3000,"LTR_intra",0,0.0592219807571076
"201",3000,"LTR_right",0,0.319333333333333
"202",3000,"Unknown_left",0,0.04
"203",3000,"Unknown_intra",0,0
"204",3000,"Unknown_right",0,0.0401666666666667
"205",3000,"LINE_left",0,0
"206",3000,"LINE_intra",0,0
"207",3000,"LINE_right",0,0
"208",3000,"MULE_left",0,0
"209",3000,"MULE_intra",0,0
"210",3000,"MULE_right",0,0
"211",3000,"Gypsy_left",0,0.0943333333333333
"212",3000,"Gypsy_intra",0,0
"213",3000,"Gypsy_right",0,0.0956666666666667
"214",3000,"Unknown_fam_left",0,0.06
"215",3000,"Unknown_fam_intra",0,0.00126508607759052
"216",3000,"Unknown_fam_right",0,0.0615666666666681
"217",3000,"CMC_EnSpm_left",0,0
"218",3000,"CMC_EnSpm_intra",0,0
"219",3000,"CMC_EnSpm_right",0,0
"220",3000,"Copia_left",0,0.0225
"221",3000,"Copia_intra",0,0
"222",3000,"Copia_right",0,0.023
"223",3000,"LINE_fam_left",0,0
"224",3000,"LINE_fam_intra",0,0
"225",3000,"LINE_fam_right",0,0
"226",3000,"hAT_left",0,0
"227",3000,"hAT_intra",0,0
"228",3000,"hAT_right",0,0
"229",3000,"PIF_Harbinger_left",0,0
"230",3000,"PIF_Harbinger_intra",0,0
"231",3000,"PIF_Harbinger_right",0,0
"232",3000,"LTRUnknown_left",0,0.1745
"233",3000,"LTRUnknown_intra",0,0.00571645117526256
"234",3000,"LTRUnknown_right",0,0.173166666666667
"235",3500,"DNA_left",0,0.0907142857142857
"236",3500,"DNA_intra",0,0.00121392289657025
"237",3500,"DNA_right",0,0.0927142857142857
"238",3500,"LTR_left",0,0.325428571428571
"239",3500,"LTR_intra",0,0.0592219807571076
"240",3500,"LTR_right",0,0.326
"241",3500,"Unknown_left",0,0.04
"242",3500,"Unknown_intra",0,0
"243",3500,"Unknown_right",0,0.0402857142857143
"244",3500,"LINE_left",0,0
"245",3500,"LINE_intra",0,0
"246",3500,"LINE_right",0,0
"247",3500,"MULE_left",0,0
"248",3500,"MULE_intra",0,0
"249",3500,"MULE_right",0,0
"250",3500,"Gypsy_left",0,0.107
"251",3500,"Gypsy_intra",0,0
"252",3500,"Gypsy_right",0,0.11
"253",3500,"Unknown_fam_left",0,0.0584285714285714
"254",3500,"Unknown_fam_intra",0,0.00126508607759052
"255",3500,"Unknown_fam_right",0,0.0595714285714286
"256",3500,"CMC_EnSpm_left",0,0
"257",3500,"CMC_EnSpm_intra",0,0
"258",3500,"CMC_EnSpm_right",0,0
"259",3500,"Copia_left",0,0.0281428571428571
"260",3500,"Copia_intra",0,0
"261",3500,"Copia_right",0,0.0288571428571429
"262",3500,"LINE_fam_left",0,0
"263",3500,"LINE_fam_intra",0,0
"264",3500,"LINE_fam_right",0,0
"265",3500,"hAT_left",0,0
"266",3500,"hAT_intra",0,0
"267",3500,"hAT_right",0,0
"268",3500,"PIF_Harbinger_left",0,0
"269",3500,"PIF_Harbinger_intra",0,0
"270",3500,"PIF_Harbinger_right",0,0
"271",3500,"LTRUnknown_left",0,0.176714285714286
"272",3500,"LTRUnknown_intra",0,0.00571645117526256
"273",3500,"LTRUnknown_right",0,0.175142857142857
"274",4000,"DNA_left",0,0.088
"275",4000,"DNA_intra",0,0.00121392289657025
"276",4000,"DNA_right",0,0.090125
"277",4000,"LTR_left",0,0.330375
"278",4000,"LTR_intra",0,0.0592219807571076
"279",4000,"LTR_right",0,0.330125
"280",4000,"Unknown_left",0,0.039125
"281",4000,"Unknown_intra",0,0
"282",4000,"Unknown_right",0,0.039125
"283",4000,"LINE_left",0,0
"284",4000,"LINE_intra",0,0
"285",4000,"LINE_right",0,0
"286",4000,"MULE_left",0,0
"287",4000,"MULE_intra",0,0
"288",4000,"MULE_right",0,0
"289",4000,"Gypsy_left",0,0.115375
"290",4000,"Gypsy_intra",0,0
"291",4000,"Gypsy_right",0,0.120125
"292",4000,"Unknown_fam_left",0,0.057
"293",4000,"Unknown_fam_intra",0,0.00126508607759052
"294",4000,"Unknown_fam_right",0,0.058
"295",4000,"CMC_EnSpm_left",0,0
"296",4000,"CMC_EnSpm_intra",0,0
"297",4000,"CMC_EnSpm_right",0,0
"298",4000,"Copia_left",0,0.033625
"299",4000,"Copia_intra",0,0
"300",4000,"Copia_right",0,0.03425
"301",4000,"LINE_fam_left",0,0
"302",4000,"LINE_fam_intra",0,0
"303",4000,"LINE_fam_right",0,0
"304",4000,"hAT_left",0,0
"305",4000,"hAT_intra",0,0
"306",4000,"hAT_right",0,0
"307",4000,"PIF_Harbinger_left",0,0
"308",4000,"PIF_Harbinger_intra",0,0
"309",4000,"PIF_Harbinger_right",0,0
"310",4000,"LTRUnknown_left",0,0.178
"311",4000,"LTRUnknown_intra",0,0.00571645117526256
"312",4000,"LTRUnknown_right",0,0.176550000000001
"313",4500,"DNA_left",0,0.0852222222222222
"314",4500,"DNA_intra",0,0.00121392289657025
"315",4500,"DNA_right",0,0.0862222222222222
"316",4500,"LTR_left",0,0.333
"317",4500,"LTR_intra",0,0.0592219807571076
"318",4500,"LTR_right",0,0.333888888888889
"319",4500,"Unknown_left",0,0.0376666666666667
"320",4500,"Unknown_intra",0,0
"321",4500,"Unknown_right",0,0.0376666666666667
"322",4500,"LINE_left",0,0
"323",4500,"LINE_intra",0,0
"324",4500,"LINE_right",0,0
"325",4500,"MULE_left",0,0
"326",4500,"MULE_intra",0,0
"327",4500,"MULE_right",0,0
"328",4500,"Gypsy_left",0,0.124444444444444
"329",4500,"Gypsy_intra",0,0
"330",4500,"Gypsy_right",0,0.127266666666668
"331",4500,"Unknown_fam_left",0,0.0558888888888889
"332",4500,"Unknown_fam_intra",0,0.00126508607759052
"333",4500,"Unknown_fam_right",0,0.0564444444444444
"334",4500,"CMC_EnSpm_left",0,0
"335",4500,"CMC_EnSpm_intra",0,0
"336",4500,"CMC_EnSpm_right",0,0
"337",4500,"Copia_left",0,0.0363333333333333
"338",4500,"Copia_intra",0,0
"339",4500,"Copia_right",0,0.037
"340",4500,"LINE_fam_left",0,0
"341",4500,"LINE_fam_intra",0,0
"342",4500,"LINE_fam_right",0,0
"343",4500,"hAT_left",0,0
"344",4500,"hAT_intra",0,0
"345",4500,"hAT_right",0,0
"346",4500,"PIF_Harbinger_left",0,0
"347",4500,"PIF_Harbinger_intra",0,0
"348",4500,"PIF_Harbinger_right",0,0
"349",4500,"LTRUnknown_left",0,0.180277777777778
"350",4500,"LTRUnknown_intra",0,0.00571645117526256
"351",4500,"LTRUnknown_right",0,0.180111111111111
"352",5000,"DNA_left",0,0.0821
"353",5000,"DNA_intra",0,0.00121392289657025
"354",5000,"DNA_right",0,0.0833
"355",5000,"LTR_left",0,0.33495
"356",5000,"LTR_intra",0,0.0592219807571076
"357",5000,"LTR_right",0,0.3367
"358",5000,"Unknown_left",0,0.037
"359",5000,"Unknown_intra",0,0
"360",5000,"Unknown_right",0,0.0371
"361",5000,"LINE_left",0,0
"362",5000,"LINE_intra",0,0
"363",5000,"LINE_right",0,0
"364",5000,"MULE_left",0,0
"365",5000,"MULE_intra",0,0
"366",5000,"MULE_right",0,0
"367",5000,"Gypsy_left",0,0.128
"368",5000,"Gypsy_intra",0,0
"369",5000,"Gypsy_right",0,0.1299
"370",5000,"Unknown_fam_left",0,0.0549
"371",5000,"Unknown_fam_intra",0,0.00126508607759052
"372",5000,"Unknown_fam_right",0,0.0562
"373",5000,"CMC_EnSpm_left",0,0
"374",5000,"CMC_EnSpm_intra",0,0
"375",5000,"CMC_EnSpm_right",0,0
"376",5000,"Copia_left",0,0.0375
"377",5000,"Copia_intra",0,0
"378",5000,"Copia_right",0,0.0377
"379",5000,"LINE_fam_left",0,0
"380",5000,"LINE_fam_intra",0,0
"381",5000,"LINE_fam_right",0,0
"382",5000,"hAT_left",0,0
"383",5000,"hAT_intra",0,0
"384",5000,"hAT_right",0,0
"385",5000,"PIF_Harbinger_left",0,0
"386",5000,"PIF_Harbinger_intra",0,0
"387",5000,"PIF_Harbinger_right",0,0
"388",5000,"LTRUnknown_left",0,0.1838
"389",5000,"LTRUnknown_intra",0,0.00571645117526256
"390",5000,"LTRUnknown_right",0,0.1838
"391",5500,"DNA_left",0,0.0804545454545455
"392",5500,"DNA_intra",0,0.00121392289657025
"393",5500,"DNA_right",0,0.0816363636363636
"394",5500,"LTR_left",0,0.335909090909091
"395",5500,"LTR_intra",0,0.0592219807571076
"396",5500,"LTR_right",0,0.337545454545455
"397",5500,"Unknown_left",0,0.0362727272727273
"398",5500,"Unknown_intra",0,0
"399",5500,"Unknown_right",0,0.0365454545454545
"400",5500,"LINE_left",0,0
"401",5500,"LINE_intra",0,0
"402",5500,"LINE_right",0,0
"403",5500,"MULE_left",0,0
"404",5500,"MULE_intra",0,0
"405",5500,"MULE_right",0,0.00509090909090909
"406",5500,"Gypsy_left",0,0.131672727272728
"407",5500,"Gypsy_intra",0,0
"408",5500,"Gypsy_right",0,0.134272727272727
"409",5500,"Unknown_fam_left",0,0.0536363636363636
"410",5500,"Unknown_fam_intra",0,0.00126508607759052
"411",5500,"Unknown_fam_right",0,0.055
"412",5500,"CMC_EnSpm_left",0,0
"413",5500,"CMC_EnSpm_intra",0,0
"414",5500,"CMC_EnSpm_right",0,0
"415",5500,"Copia_left",0,0.0367272727272727
"416",5500,"Copia_intra",0,0
"417",5500,"Copia_right",0,0.0368181818181818
"418",5500,"LINE_fam_left",0,0
"419",5500,"LINE_fam_intra",0,0
"420",5500,"LINE_fam_right",0,0
"421",5500,"hAT_left",0,0.00503636363636443
"422",5500,"hAT_intra",0,0
"423",5500,"hAT_right",0,0.00572727272727273
"424",5500,"PIF_Harbinger_left",0,0
"425",5500,"PIF_Harbinger_intra",0,0
"426",5500,"PIF_Harbinger_right",0,0
"427",5500,"LTRUnknown_left",0,0.186772727272727
"428",5500,"LTRUnknown_intra",0,0.00571645117526256
"429",5500,"LTRUnknown_right",0,0.186545454545455
"430",6000,"DNA_left",0,0.0790833333333333
"431",6000,"DNA_intra",0,0.00121392289657025
"432",6000,"DNA_right",0,0.0803333333333333
"433",6000,"LTR_left",0,0.33675
"434",6000,"LTR_intra",0,0.0592219807571076
"435",6000,"LTR_right",0,0.338333333333333
"436",6000,"Unknown_left",0,0.03625
"437",6000,"Unknown_intra",0,0
"438",6000,"Unknown_right",0,0.0360833333333333
"439",6000,"LINE_left",0,0.00483333333333333
"440",6000,"LINE_intra",0,0
"441",6000,"LINE_right",0,0.00316666666666667
"442",6000,"MULE_left",0,0.00733333333333333
"443",6000,"MULE_intra",0,0
"444",6000,"MULE_right",0,0.00841666666666667
"445",6000,"Gypsy_left",0,0.1345
"446",6000,"Gypsy_intra",0,0
"447",6000,"Gypsy_right",0,0.13675
"448",6000,"Unknown_fam_left",0,0.0529166666666667
"449",6000,"Unknown_fam_intra",0,0.00126508607759052
"450",6000,"Unknown_fam_right",0,0.0536666666666667
"451",6000,"CMC_EnSpm_left",0,0
"452",6000,"CMC_EnSpm_intra",0,0
"453",6000,"CMC_EnSpm_right",0,0
"454",6000,"Copia_left",0,0.0355
"455",6000,"Copia_intra",0,0
"456",6000,"Copia_right",0,0.03575
"457",6000,"LINE_fam_left",0,0.00483333333333333
"458",6000,"LINE_fam_intra",0,0
"459",6000,"LINE_fam_right",0,0.00316666666666667
"460",6000,"hAT_left",0,0.00816666666666667
"461",6000,"hAT_intra",0,0
"462",6000,"hAT_right",0,0.00841666666666667
"463",6000,"PIF_Harbinger_left",0,0
"464",6000,"PIF_Harbinger_intra",0,0
"465",6000,"PIF_Harbinger_right",0,0
"466",6000,"LTRUnknown_left",0,0.188083333333333
"467",6000,"LTRUnknown_intra",0,0.00571645117526256
"468",6000,"LTRUnknown_right",0,0.18875
"469",6500,"DNA_left",0,0.0777692307692308
"470",6500,"DNA_intra",0,0.00121392289657025
"471",6500,"DNA_right",0,0.0791538461538462
"472",6500,"LTR_left",0,0.336230769230769
"473",6500,"LTR_intra",0,0.0592219807571076
"474",6500,"LTR_right",0,0.338384615384615
"475",6500,"Unknown_left",0,0.0356153846153846
"476",6500,"Unknown_intra",0,0
"477",6500,"Unknown_right",0,0.0357692307692308
"478",6500,"LINE_left",0,0.00723076923076923
"479",6500,"LINE_intra",0,0
"480",6500,"LINE_right",0,0.00692307692307692
"481",6500,"MULE_left",0,0.00938461538461539
"482",6500,"MULE_intra",0,0
"483",6500,"MULE_right",0,0.00992307692307692
"484",6500,"Gypsy_left",0,0.136307692307692
"485",6500,"Gypsy_intra",0,0
"486",6500,"Gypsy_right",0,0.138923076923077
"487",6500,"Unknown_fam_left",0,0.0518461538461538
"488",6500,"Unknown_fam_intra",0,0.00126508607759052
"489",6500,"Unknown_fam_right",0,0.0525384615384615
"490",6500,"CMC_EnSpm_left",0,0
"491",6500,"CMC_EnSpm_intra",0,0
"492",6500,"CMC_EnSpm_right",0,0
"493",6500,"Copia_left",0,0.0364615384615385
"494",6500,"Copia_intra",0,0
"495",6500,"Copia_right",0,0.0366923076923077
"496",6500,"LINE_fam_left",0,0.00723076923076923
"497",6500,"LINE_fam_intra",0,0
"498",6500,"LINE_fam_right",0,0.00692307692307692
"499",6500,"hAT_left",0,0.0103076923076923
"500",6500,"hAT_intra",0,0
"501",6500,"hAT_right",0,0.0102307692307692
"502",6500,"PIF_Harbinger_left",0,0
"503",6500,"PIF_Harbinger_intra",0,0
"504",6500,"PIF_Harbinger_right",0,0
"505",6500,"LTRUnknown_left",0,0.190307692307692
"506",6500,"LTRUnknown_intra",0,0.00571645117526256
"507",6500,"LTRUnknown_right",0,0.189646153846155
"508",7000,"DNA_left",0,0.0766000000000006
"509",7000,"DNA_intra",0,0.00121392289657025
"510",7000,"DNA_right",0,0.077528571428572
"511",7000,"LTR_left",0,0.334642857142857
"512",7000,"LTR_intra",0,0.0592219807571076
"513",7000,"LTR_right",0,0.337285714285714
"514",7000,"Unknown_left",0,0.0352857142857143
"515",7000,"Unknown_intra",0,0
"516",7000,"Unknown_right",0,0.0354285714285714
"517",7000,"LINE_left",0,0.00871428571428571
"518",7000,"LINE_intra",0,0
"519",7000,"LINE_right",0,0.0085
"520",7000,"MULE_left",0,0.0111428571428571
"521",7000,"MULE_intra",0,0
"522",7000,"MULE_right",0,0.0117428571428578
"523",7000,"Gypsy_left",0,0.138957142857143
"524",7000,"Gypsy_intra",0,0
"525",7000,"Gypsy_right",0,0.140857142857143
"526",7000,"Unknown_fam_left",0,0.0508571428571429
"527",7000,"Unknown_fam_intra",0,0.00126508607759052
"528",7000,"Unknown_fam_right",0,0.0512857142857143
"529",7000,"CMC_EnSpm_left",0,0
"530",7000,"CMC_EnSpm_intra",0,0
"531",7000,"CMC_EnSpm_right",0,0
"532",7000,"Copia_left",0,0.0372142857142857
"533",7000,"Copia_intra",0,0
"534",7000,"Copia_right",0,0.0375714285714286
"535",7000,"LINE_fam_left",0,0.00871428571428571
"536",7000,"LINE_fam_intra",0,0
"537",7000,"LINE_fam_right",0,0.0085
"538",7000,"hAT_left",0,0.0119285714285714
"539",7000,"hAT_intra",0,0
"540",7000,"hAT_right",0,0.0116714285714292
"541",7000,"PIF_Harbinger_left",0,0
"542",7000,"PIF_Harbinger_intra",0,0
"543",7000,"PIF_Harbinger_right",0,0
"544",7000,"LTRUnknown_left",0,0.190742857142858
"545",7000,"LTRUnknown_intra",0,0.00571645117526256
"546",7000,"LTRUnknown_right",0,0.189928571428571
"547",7500,"DNA_left",0,0.0756666666666667
"548",7500,"DNA_intra",0,0.00121392289657025
"549",7500,"DNA_right",0,0.0765333333333333
"550",7500,"LTR_left",0,0.333866666666667
"551",7500,"LTR_intra",0,0.0592219807571076
"552",7500,"LTR_right",0,0.3358
"553",7500,"Unknown_left",0,0.0345333333333333
"554",7500,"Unknown_intra",0,0
"555",7500,"Unknown_right",0,0.0346
"556",7500,"LINE_left",0,0.00986666666666667
"557",7500,"LINE_intra",0,0
"558",7500,"LINE_right",0,0.00966666666666667
"559",7500,"MULE_left",0,0.0126666666666667
"560",7500,"MULE_intra",0,0
"561",7500,"MULE_right",0,0.0136666666666667
"562",7500,"Gypsy_left",0,0.140333333333333
"563",7500,"Gypsy_intra",0,0
"564",7500,"Gypsy_right",0,0.1428
"565",7500,"Unknown_fam_left",0,0.0498
"566",7500,"Unknown_fam_intra",0,0.00126508607759052
"567",7500,"Unknown_fam_right",0,0.0502
"568",7500,"CMC_EnSpm_left",0,0
"569",7500,"CMC_EnSpm_intra",0,0
"570",7500,"CMC_EnSpm_right",0,0
"571",7500,"Copia_left",0,0.0380666666666667
"572",7500,"Copia_intra",0,0
"573",7500,"Copia_right",0,0.0385333333333333
"574",7500,"LINE_fam_left",0,0.00986666666666667
"575",7500,"LINE_fam_intra",0,0
"576",7500,"LINE_fam_right",0,0.00966666666666667
"577",7500,"hAT_left",0,0.0134
"578",7500,"hAT_intra",0,0
"579",7500,"hAT_right",0,0.0131333333333333
"580",7500,"PIF_Harbinger_left",0,0
"581",7500,"PIF_Harbinger_intra",0,0
"582",7500,"PIF_Harbinger_right",0,0
"583",7500,"LTRUnknown_left",0,0.191133333333333
"584",7500,"LTRUnknown_intra",0,0.00571645117526256
"585",7500,"LTRUnknown_right",0,0.1896
"586",8000,"DNA_left",0,0.07475
"587",8000,"DNA_intra",0,0.00121392289657025
"588",8000,"DNA_right",0,0.075375
"589",8000,"LTR_left",0,0.332400000000001
"590",8000,"LTR_intra",0,0.0592219807571076
"591",8000,"LTR_right",0,0.333625
"592",8000,"Unknown_left",0,0.0344375
"593",8000,"Unknown_intra",0,0
"594",8000,"Unknown_right",0,0.034375
"595",8000,"LINE_left",0,0.01075
"596",8000,"LINE_intra",0,0
"597",8000,"LINE_right",0,0.0105
"598",8000,"MULE_left",0,0.0141875
"599",8000,"MULE_intra",0,0
"600",8000,"MULE_right",0,0.0150625
"601",8000,"Gypsy_left",0,0.1380625
"602",8000,"Gypsy_intra",0,0
"603",8000,"Gypsy_right",0,0.1390625
"604",8000,"Unknown_fam_left",0,0.0489375
"605",8000,"Unknown_fam_intra",0,0.00126508607759052
"606",8000,"Unknown_fam_right",0,0.04925
"607",8000,"CMC_EnSpm_left",0,0
"608",8000,"CMC_EnSpm_intra",0,0
"609",8000,"CMC_EnSpm_right",0,0
"610",8000,"Copia_left",0,0.0381875
"611",8000,"Copia_intra",0,0
"612",8000,"Copia_right",0,0.0385
"613",8000,"LINE_fam_left",0,0.01075
"614",8000,"LINE_fam_intra",0,0
"615",8000,"LINE_fam_right",0,0.0105
"616",8000,"hAT_left",0,0.0143375000000005
"617",8000,"hAT_intra",0,0
"618",8000,"hAT_right",0,0.014125
"619",8000,"PIF_Harbinger_left",0,0
"620",8000,"PIF_Harbinger_intra",0,0
"621",8000,"PIF_Harbinger_right",0,0
"622",8000,"LTRUnknown_left",0,0.191625
"623",8000,"LTRUnknown_intra",0,0.00571645117526256
"624",8000,"LTRUnknown_right",0,0.189875
"625",8500,"DNA_left",0,0.0743529411764706
"626",8500,"DNA_intra",0,0.00121392289657025
"627",8500,"DNA_right",0,0.0750588235294118
"628",8500,"LTR_left",0,0.330352941176471
"629",8500,"LTR_intra",0,0.0592219807571076
"630",8500,"LTR_right",0,0.331411764705882
"631",8500,"Unknown_left",0,0.0341176470588235
"632",8500,"Unknown_intra",0,0
"633",8500,"Unknown_right",0,0.0342352941176471
"634",8500,"LINE_left",0,0.0113529411764706
"635",8500,"LINE_intra",0,0
"636",8500,"LINE_right",0,0.0111176470588235
"637",8500,"MULE_left",0,0.0148235294117647
"638",8500,"MULE_intra",0,0
"639",8500,"MULE_right",0,0.0158823529411765
"640",8500,"Gypsy_left",0,0.133941176470588
"641",8500,"Gypsy_intra",0,0
"642",8500,"Gypsy_right",0,0.135941176470588
"643",8500,"Unknown_fam_left",0,0.0478823529411765
"644",8500,"Unknown_fam_intra",0,0.00126508607759052
"645",8500,"Unknown_fam_right",0,0.0483529411764706
"646",8500,"CMC_EnSpm_left",0,0
"647",8500,"CMC_EnSpm_intra",0,0
"648",8500,"CMC_EnSpm_right",0,0
"649",8500,"Copia_left",0,0.0385294117647059
"650",8500,"Copia_intra",0,0
"651",8500,"Copia_right",0,0.039
"652",8500,"LINE_fam_left",0,0.0113529411764706
"653",8500,"LINE_fam_intra",0,0
"654",8500,"LINE_fam_right",0,0.0111176470588235
"655",8500,"hAT_left",0,0.0151764705882353
"656",8500,"hAT_intra",0,0
"657",8500,"hAT_right",0,0.0149411764705882
"658",8500,"PIF_Harbinger_left",0,0
"659",8500,"PIF_Harbinger_intra",0,0
"660",8500,"PIF_Harbinger_right",0,0
"661",8500,"LTRUnknown_left",0,0.191529411764706
"662",8500,"LTRUnknown_intra",0,0.00571645117526256
"663",8500,"LTRUnknown_right",0,0.189376470588236
"664",9000,"DNA_left",0,0.0735555555555556
"665",9000,"DNA_intra",0,0.00146614436808312
"666",9000,"DNA_right",0,0.0741666666666667
"667",9000,"LTR_left",0,0.332666666666667
"668",9000,"LTR_intra",0,0.0608865640129919
"669",9000,"LTR_right",0,0.333944444444444
"670",9000,"Unknown_left",0,0.0331111111111111
"671",9000,"Unknown_intra",0,0
"672",9000,"Unknown_right",0,0.0330555555555556
"673",9000,"LINE_left",0,0.0112777777777778
"674",9000,"LINE_intra",0,0
"675",9000,"LINE_right",0,0.0109444444444444
"676",9000,"MULE_left",0,0.0155555555555556
"677",9000,"MULE_intra",0,0
"678",9000,"MULE_right",0,0.0168333333333333
"679",9000,"Gypsy_left",0,0.137222222222222
"680",9000,"Gypsy_intra",0,0
"681",9000,"Gypsy_right",0,0.139816666666667
"682",9000,"Unknown_fam_left",0,0.0468888888888889
"683",9000,"Unknown_fam_intra",0,0.000404341297380605
"684",9000,"Unknown_fam_right",0,0.0470555555555556
"685",9000,"CMC_EnSpm_left",0,0
"686",9000,"CMC_EnSpm_intra",0,0
"687",9000,"CMC_EnSpm_right",0,0
"688",9000,"Copia_left",0,0.0385555555555556
"689",9000,"Copia_intra",0,0
"690",9000,"Copia_right",0,0.0391111111111111
"691",9000,"LINE_fam_left",0,0.0112777777777778
"692",9000,"LINE_fam_intra",0,0
"693",9000,"LINE_fam_right",0,0.0109444444444444
"694",9000,"hAT_left",0,0.0156499999999998
"695",9000,"hAT_intra",0,0
"696",9000,"hAT_right",0,0.0156111111111111
"697",9000,"PIF_Harbinger_left",0,0
"698",9000,"PIF_Harbinger_intra",0,0
"699",9000,"PIF_Harbinger_right",0,0
"700",9000,"LTRUnknown_left",0,0.193388888888889
"701",9000,"LTRUnknown_intra",0,0.00611499221358628
"702",9000,"LTRUnknown_right",0,0.191166666666667
"703",9500,"DNA_left",0,0.0731052631578947
"704",9500,"DNA_intra",0,0.00146614436808312
"705",9500,"DNA_right",0,0.0736842105263158
"706",9500,"LTR_left",0,0.331052631578947
"707",9500,"LTR_intra",0,0.0608865640129919
"708",9500,"LTR_right",0,0.331947368421053
"709",9500,"Unknown_left",0,0.0326842105263158
"710",9500,"Unknown_intra",0,0
"711",9500,"Unknown_right",0,0.0326842105263158
"712",9500,"LINE_left",0,0.0117894736842105
"713",9500,"LINE_intra",0,0
"714",9500,"LINE_right",0,0.0115789473684211
"715",9500,"MULE_left",0,0.0164210526315789
"716",9500,"MULE_intra",0,0
"717",9500,"MULE_right",0,0.0171947368421051
"718",9500,"Gypsy_left",0,0.137526315789474
"719",9500,"Gypsy_intra",0,0
"720",9500,"Gypsy_right",0,0.139842105263158
"721",9500,"Unknown_fam_left",0,0.0461578947368421
"722",9500,"Unknown_fam_intra",0,0.000404341297380605
"723",9500,"Unknown_fam_right",0,0.0463684210526316
"724",9500,"CMC_EnSpm_left",0,0
"725",9500,"CMC_EnSpm_intra",0,0
"726",9500,"CMC_EnSpm_right",0,0
"727",9500,"Copia_left",0,0.0383684210526316
"728",9500,"Copia_intra",0,0
"729",9500,"Copia_right",0,0.0391052631578947
"730",9500,"LINE_fam_left",0,0.0117894736842105
"731",9500,"LINE_fam_intra",0,0
"732",9500,"LINE_fam_right",0,0.0115789473684211
"733",9500,"hAT_left",0,0.0163157894736842
"734",9500,"hAT_intra",0,0
"735",9500,"hAT_right",0,0.016036842105263
"736",9500,"PIF_Harbinger_left",0,0
"737",9500,"PIF_Harbinger_intra",0,0
"738",9500,"PIF_Harbinger_right",0,0
"739",9500,"LTRUnknown_left",0,0.193473684210526
"740",9500,"LTRUnknown_intra",0,0.00611499221358628
"741",9500,"LTRUnknown_right",0,0.191105263157895
"742",10000,"DNA_left",0,0.07285
"743",10000,"DNA_intra",0,0.00146614436808312
"744",10000,"DNA_right",0,0.0732849999999999
"745",10000,"LTR_left",0,0.32775
"746",10000,"LTR_intra",0,0.0608865640129919
"747",10000,"LTR_right",0,0.32885
"748",10000,"Unknown_left",0,0.03235
"749",10000,"Unknown_intra",0,0
"750",10000,"Unknown_right",0,0.0323349999999998
"751",10000,"LINE_left",0,0.0122
"752",10000,"LINE_intra",0,0
"753",10000,"LINE_right",0,0.0118
"754",10000,"MULE_left",0,0.0168
"755",10000,"MULE_intra",0,0
"756",10000,"MULE_right",0,0.01705
"757",10000,"Gypsy_left",0,0.13945
"758",10000,"Gypsy_intra",0,0
"759",10000,"Gypsy_right",0,0.14105
"760",10000,"Unknown_fam_left",0,0.04565
"761",10000,"Unknown_fam_intra",0,0.000404341297380605
"762",10000,"Unknown_fam_right",0,0.046
"763",10000,"CMC_EnSpm_left",0,0
"764",10000,"CMC_EnSpm_intra",0,0
"765",10000,"CMC_EnSpm_right",0,0
"766",10000,"Copia_left",0,0.0387
"767",10000,"Copia_intra",0,0
"768",10000,"Copia_right",0,0.03935
"769",10000,"LINE_fam_left",0,0.0122
"770",10000,"LINE_fam_intra",0,0
"771",10000,"LINE_fam_right",0,0.0118
"772",10000,"hAT_left",0,0.01665
"773",10000,"hAT_intra",0,0
"774",10000,"hAT_right",0,0.01635
"775",10000,"PIF_Harbinger_left",0,0
"776",10000,"PIF_Harbinger_intra",0,0
"777",10000,"PIF_Harbinger_right",0,0
"778",10000,"LTRUnknown_left",0,0.1923
"779",10000,"LTRUnknown_intra",0,0.00611499221358628
"780",10000,"LTRUnknown_right",0,0.191
